{"cameraMode":{"drawMode":0,"name":"Shaded","section":"Shading Mode"},"sceneLighting":false,"audioPlay":false,"sceneViewState":{"showFog":true,"showMaterialUpdate":false,"showSkybox":true,"showFlares":true,"showImageEffects":true,"showParticleSystems":true},"in2DMode":false,"pivot":{"x":-6.436550140380859,"y":15.194220542907715,"z":8.559613227844239},"rotation":{"x":0.2647427022457123,"y":0.5065091252326965,"z":-0.16690200567245484,"w":0.8034324049949646},"size":2.8578836917877199,"orthographic":false}