{"cameraMode":{"drawMode":0,"name":"Shaded","section":"Shading Mode"},"sceneLighting":false,"audioPlay":false,"sceneViewState":{"showFog":true,"showMaterialUpdate":false,"showSkybox":true,"showFlares":true,"showImageEffects":true,"showParticleSystems":true},"in2DMode":false,"pivot":{"x":0.15622739493846894,"y":1.6912814378738404,"z":-0.037044912576675418},"rotation":{"x":-0.03309313580393791,"y":0.9630470871925354,"z":-0.13994979858398438,"w":-0.22772616147994996},"size":1.657883882522583,"orthographic":false}