{"cameraMode":{"drawMode":0,"name":"Shaded","section":"Shading Mode"},"sceneLighting":false,"audioPlay":false,"sceneViewState":{"showFog":true,"showMaterialUpdate":false,"showSkybox":true,"showFlares":true,"showImageEffects":true,"showParticleSystems":true},"in2DMode":false,"pivot":{"x":-6.436550140380859,"y":15.194220542907715,"z":8.559613227844239},"rotation":{"x":-0.04591802880167961,"y":-0.8910315036773682,"z":0.09256169199943543,"w":-0.4420258402824402},"size":2.8578836917877199,"orthographic":false}